,D,C,T,F,E,H,K,A,M,N,Y,P,Q,R,S,W,L,V,I,G
D,0,-2,-2,-2,-1,-1,-2,-1,-3,-1,-1,-2,-2,-2,-2,-3,-2,-1,-2,-1
C,-2,0,-2,-1,-3,-2,-3,-2,-3,-2,-1,-2,-3,-1,-1,-1,-2,-2,-2,-1
T,-2,-2,0,-2,-2,-2,-1,-1,-1,-1,-2,-1,-2,-1,-1,-2,-2,-2,-1,-2
F,-2,-1,-2,0,-3,-2,-3,-2,-2,-2,-1,-2,-3,-2,-1,-2,-1,-1,-1,-2
E,-1,-3,-2,-3,0,-2,-1,-1,-2,-2,-2,-2,-1,-2,-2,-2,-2,-1,-3,-1
H,-1,-2,-2,-2,-2,0,-2,-2,-3,-1,-1,-1,-1,-1,-2,-3,-1,-2,-2,-2
K,-2,-3,-1,-3,-1,-2,0,-2,-1,-1,-2,-2,-1,-1,-2,-2,-2,-2,-2,-2
A,-1,-2,-1,-2,-1,-2,-2,0,-2,-2,-2,-1,-2,-2,-1,-2,-2,-1,-2,-1
M,-3,-3,-1,-2,-2,-3,-1,-2,0,-2,-3,-2,-2,-1,-2,-2,-1,-1,-1,-2
N,-1,-2,-1,-2,-2,-1,-1,-2,-2,0,-1,-2,-2,-2,-1,-3,-2,-2,-1,-2
Y,-1,-1,-2,-1,-2,-1,-2,-2,-3,-1,0,-2,-2,-2,-1,-2,-2,-2,-2,-2
P,-2,-2,-1,-2,-2,-1,-2,-1,-2,-2,-2,0,-1,-1,-1,-2,-1,-2,-2,-2
Q,-2,-3,-2,-3,-1,-1,-1,-2,-2,-2,-2,-1,0,-1,-2,-2,-1,-2,-3,-2
R,-2,-1,-1,-2,-2,-1,-1,-2,-1,-2,-2,-1,-1,0,-1,-1,-1,-2,-2,-1
S,-2,-1,-1,-1,-2,-2,-2,-1,-2,-1,-1,-1,-2,-1,0,-1,-1,-2,-1,-1
W,-3,-1,-2,-2,-2,-3,-2,-2,-2,-3,-2,-2,-2,-1,-1,0,-1,-2,-3,-1
L,-2,-2,-2,-1,-2,-1,-2,-2,-1,-2,-2,-1,-1,-1,-1,-1,0,-1,-1,-2
V,-1,-2,-2,-1,-1,-2,-2,-1,-1,-2,-2,-2,-2,-2,-2,-2,-1,0,-1,-1
I,-2,-2,-1,-1,-3,-2,-2,-2,-1,-1,-2,-2,-3,-2,-1,-3,-1,-1,0,-2
G,-1,-1,-2,-2,-1,-2,-2,-1,-2,-2,-2,-2,-2,-1,-1,-1,-2,-1,-2,0
